PRAGMA foreign_keys = OFF;
-- Firestore → D1 migration
-- Project: stockyard-animal-health
-- Generated: 2026-05-02T23:19:08.259Z

PRAGMA foreign_keys = OFF;

-- USERS
INSERT OR IGNORE INTO users (id, email, password_hash, name, phone, address, city, state, zip, role, stripe_customer_id, created_at, updated_at) VALUES ('1CVelNVdEeMw7931NuPMCbte4Ez2', 'migrated_1cvelnvd@placeholder.invalid', '__FIREBASE_MIGRATED__', 'Brianna  Mendez', '3524336623', '9700 SW 125th Court Rd.', 'Dunnellon', 'FL', '34432', 'customer', NULL, 1777763948, 1777763948);
INSERT OR IGNORE INTO users (id, email, password_hash, name, phone, address, city, state, zip, role, stripe_customer_id, created_at, updated_at) VALUES ('9SkQtUri70RSEQmgLa5TUrETpS73', 'migrated_9skqturi@placeholder.invalid', '__FIREBASE_MIGRATED__', 'Tyler Gordon', '2294578122', '2939 Jacksonville Highway', 'Wray', 'GA', '31798', 'customer', NULL, 1777763948, 1777763948);
INSERT OR IGNORE INTO users (id, email, password_hash, name, phone, address, city, state, zip, role, stripe_customer_id, created_at, updated_at) VALUES ('BmwQSJBONocsljvWLmx0g83nZjY2', 'mrshartman09@gmail.com', '__FIREBASE_MIGRATED__', 'Brittany Hartman', '3522661833', '805 sw 98th lane', 'Ocala', 'Fl', '34476', 'customer', NULL, 1777209506, 1777763948);
INSERT OR IGNORE INTO users (id, email, password_hash, name, phone, address, city, state, zip, role, stripe_customer_id, created_at, updated_at) VALUES ('BqAYsw0xhOM7KqhFJoVv5bGlxAs1', 'sgainer12@gmail.com', '__FIREBASE_MIGRATED__', 'Shane Gainer', '3212898384', '1975 king richard dr', 'Titusville', 'Fl', '32796', 'customer', NULL, 1777498786, 1777763948);
INSERT OR IGNORE INTO users (id, email, password_hash, name, phone, address, city, state, zip, role, stripe_customer_id, created_at, updated_at) VALUES ('M99nbX25tzOTIXeeENdSj7RXWXE3', 'tgordon1@me.com', '__FIREBASE_MIGRATED__', 'Tyler Gordon', '4073004042', '2939 Jacksonville Highway', 'Wray', 'GA', '31798', 'customer', NULL, 1769466067, 1777763948);
INSERT OR IGNORE INTO users (id, email, password_hash, name, phone, address, city, state, zip, role, stripe_customer_id, created_at, updated_at) VALUES ('Mn3CAaWYIKYM37swyosEYPJZbSA3', 'nolasco@me.com', '__FIREBASE_MIGRATED__', 'Wagner Nolasco', '3056842222', '15043 Vinola place', 'Montverde', 'Fl', '34756', 'customer', NULL, 1774484431, 1777763948);
INSERT OR IGNORE INTO users (id, email, password_hash, name, phone, address, city, state, zip, role, stripe_customer_id, created_at, updated_at) VALUES ('NJPHcpg8HIcqSU8yQipMsskqO8w2', 'holleyreneek0825@icloud.com', '__FIREBASE_MIGRATED__', 'Holley Kreth', '3215077244', '1220 N Washington Ave', 'Titusville', 'FL', '32796', 'customer', NULL, 1776562938, 1777763948);
INSERT OR IGNORE INTO users (id, email, password_hash, name, phone, address, city, state, zip, role, stripe_customer_id, created_at, updated_at) VALUES ('NRku7ZwNO0XhlwSb3p8UWqLDR6K2', 'hallidayza@gmail.com', '__FIREBASE_MIGRATED__', 'Zach Halliday', '4073108968', '32339 Wekiva pines', 'Sorrento', 'FL', '32776', 'customer', NULL, 1775860272, 1777763948);
INSERT OR IGNORE INTO users (id, email, password_hash, name, phone, address, city, state, zip, role, stripe_customer_id, created_at, updated_at) VALUES ('NuwrPG1KZeYLJWRCh2O7b04Var03', 'accs407@gmail.com', '__FIREBASE_MIGRATED__', 'Lindsy Rowell', '4074800671', '1038 Green rd', 'ROCKLEDGE', 'FL', '32955', 'customer', NULL, 1774982247, 1777763948);
INSERT OR IGNORE INTO users (id, email, password_hash, name, phone, address, city, state, zip, role, stripe_customer_id, created_at, updated_at) VALUES ('PgCc47BBhnYDnS6dGL9AbSvzovq2', 'tjayephotos@gmail.com', '__FIREBASE_MIGRATED__', 'Tamara', '7039674357', '3200 teal street', 'Titusville', 'Fl', '32796', 'customer', NULL, 1772162913, 1777763948);
INSERT OR IGNORE INTO users (id, email, password_hash, name, phone, address, city, state, zip, role, stripe_customer_id, created_at, updated_at) VALUES ('QBOjl8psNtOzq5OeyBddAD8PsV53', 'migrated_qbojl8ps@placeholder.invalid', '__FIREBASE_MIGRATED__', 'Josefine Marsik', '3524762227', '4800 W Hazard St', 'Dunnellon', 'FL', '34433', 'customer', NULL, 1777763948, 1777763948);
INSERT OR IGNORE INTO users (id, email, password_hash, name, phone, address, city, state, zip, role, stripe_customer_id, created_at, updated_at) VALUES ('TeI3G3wllcZZiEaclRdnKT182jv1', 'brittanymarsceill11@gmail.com', '__FIREBASE_MIGRATED__', 'Brittany Justice', '8502609779', '11294 Tall Timbers Ln', 'Elberta', 'AL', '36530', 'customer', NULL, 1771289910, 1777763948);
INSERT OR IGNORE INTO users (id, email, password_hash, name, phone, address, city, state, zip, role, stripe_customer_id, created_at, updated_at) VALUES ('Wo2zTqGrzOTxP9hgea3MXyRsPuH3', 'migrated_wo2ztqgr@placeholder.invalid', '__FIREBASE_MIGRATED__', 'Crystal DeBuigne', '5093921199', '4220 Lee Hall Pl', 'Cocoa', 'FL', '32927', 'customer', NULL, 1777763948, 1777763948);
INSERT OR IGNORE INTO users (id, email, password_hash, name, phone, address, city, state, zip, role, stripe_customer_id, created_at, updated_at) VALUES ('WwXSHFU7cxbKkUCRlaYJtUQQX113', 'a_scott0218@yahoo.com', '__FIREBASE_MIGRATED__', 'Ashley Scott', '3214121167', '3360 Bryce Street', 'Cocoa', 'Fl', '32926', 'customer', NULL, 1772661475, 1777763948);
INSERT OR IGNORE INTO users (id, email, password_hash, name, phone, address, city, state, zip, role, stripe_customer_id, created_at, updated_at) VALUES ('XIjwJv5nmUX74B8rQxYNsJsRxUf1', 'tifani.chauncey@gmail.com', '__FIREBASE_MIGRATED__', 'Tifani Chauncey', '3212899518', '4078 Rolling Hill Dr', 'Titusville', 'FL', '32796', 'customer', NULL, 1776368136, 1777763948);
INSERT OR IGNORE INTO users (id, email, password_hash, name, phone, address, city, state, zip, role, stripe_customer_id, created_at, updated_at) VALUES ('ZUbwRsrxj5OGT9FcgWExUNa4mLK2', 'christinavolberg@gmail.com', '__FIREBASE_MIGRATED__', 'Christina Volberg', '3524425558', '16085 Blair Ave', 'Brooksville', 'Fl', '34604', 'customer', NULL, 1773087686, 1777763948);
INSERT OR IGNORE INTO users (id, email, password_hash, name, phone, address, city, state, zip, role, stripe_customer_id, created_at, updated_at) VALUES ('aEKUG2VORHZGToUqUNgFupx5HWi2', 'jbabykang02@aol.com', '__FIREBASE_MIGRATED__', 'Lillian Hartman', '3525811354', '12215 SE 96th Ter', 'Belleview', 'FL', '34420', 'customer', NULL, 1777301218, 1777763948);
INSERT OR IGNORE INTO users (id, email, password_hash, name, phone, address, city, state, zip, role, stripe_customer_id, created_at, updated_at) VALUES ('bUUcCgsJEEcLLAsJKvmUxgQ9zk23', 'tkg375@outlook.com', '__FIREBASE_MIGRATED__', 'Tyler Gordon', '2294578122', '2939 Jacksonville Highway', 'Wray', 'GA', '31798', 'customer', NULL, 1772906442, 1777763948);
INSERT OR IGNORE INTO users (id, email, password_hash, name, phone, address, city, state, zip, role, stripe_customer_id, created_at, updated_at) VALUES ('cYLJhrAbpINGHoXQCyhsZAR2QR02', 'nicolachere@aol.com', '__FIREBASE_MIGRATED__', 'Javier Pantoja', '3212760094', '20603 Ortega street', 'Orlando', 'FL', '32833', 'customer', NULL, 1774015435, 1777763948);
INSERT OR IGNORE INTO users (id, email, password_hash, name, phone, address, city, state, zip, role, stripe_customer_id, created_at, updated_at) VALUES ('e0Jzu62s61Pgke6JCbe5xURyj5l1', 'kevin.furbee@gmail.com', '__FIREBASE_MIGRATED__', 'Kevin Furbee', '3214124144', '185 Satellite Avenue', 'Satellite Beach', 'FL', '32937', 'customer', NULL, 1769696174, 1777763948);
INSERT OR IGNORE INTO users (id, email, password_hash, name, phone, address, city, state, zip, role, stripe_customer_id, created_at, updated_at) VALUES ('hBkNB7BwZyRg9kPlqYiEFSEucBh2', 'tgordo03@aol.com', '__FIREBASE_MIGRATED__', 'Tyler Gordon', '4073004042', '2939 Jacksonville Highway', 'Wray', 'GA', '31798', 'customer', NULL, 1769480538, 1777763948);
INSERT OR IGNORE INTO users (id, email, password_hash, name, phone, address, city, state, zip, role, stripe_customer_id, created_at, updated_at) VALUES ('krTI4Cn4gjg7wA9c7glb7tarAVs1', 'nphelan941@gmail.com', '__FIREBASE_MIGRATED__', 'Nicole Phelan', '9417447131', '530 Rye Rd NE', 'Bradenton', 'FL', '34212', 'customer', NULL, 1775245991, 1777763948);
INSERT OR IGNORE INTO users (id, email, password_hash, name, phone, address, city, state, zip, role, stripe_customer_id, created_at, updated_at) VALUES ('sZjjjsk2oVhSRB8qM0t8734Q1aw1', 'squireskimberly1900@yahoo.com', '__FIREBASE_MIGRATED__', 'Kimberly Mccorkel', '9044154815', '5569 110th St', 'Jacksonville', 'FL', '32244', 'customer', NULL, 1773497001, 1777763948);
INSERT OR IGNORE INTO users (id, email, password_hash, name, phone, address, city, state, zip, role, stripe_customer_id, created_at, updated_at) VALUES ('tev3OWgHjsOOG0AiAQlVV6OKty83', 'migrated_tev3owgh@placeholder.invalid', '__FIREBASE_MIGRATED__', 'Misty Marshall ', '3217476338', '3665 wood duck dr', 'Mims', 'Fl', '32754', 'customer', NULL, 1777763948, 1777763948);
INSERT OR IGNORE INTO users (id, email, password_hash, name, phone, address, city, state, zip, role, stripe_customer_id, created_at, updated_at) VALUES ('tfx5VPQR0yOEbbmvULaQHA0QMss2', 'erinmc2112@gmail.com', '__FIREBASE_MIGRATED__', 'Erin Costello', '4078186514', '4637 Glencrest Loop', 'Saint Cloud', 'Fl', '34772', 'customer', NULL, 1777047339, 1777763948);
INSERT OR IGNORE INTO users (id, email, password_hash, name, phone, address, city, state, zip, role, stripe_customer_id, created_at, updated_at) VALUES ('vqpduDdwSSa91sRpmDXhRyBOGxd2', 'jodisolito@verizon.net', '__FIREBASE_MIGRATED__', 'Jodi Solito', '8132985545', '111 W Curtis Street', 'Tampa', 'FL', '33603', 'customer', NULL, 1772662795, 1777763948);
INSERT OR IGNORE INTO users (id, email, password_hash, name, phone, address, city, state, zip, role, stripe_customer_id, created_at, updated_at) VALUES ('yu4VcV20nCeMFS1yOkYc8jo1Bre2', 'mjdeegan6@yahoo.com', '__FIREBASE_MIGRATED__', 'Maureen Deegan', '3214088998', '7205 Briar Oak Dr', 'Merritt Is', 'FL', '32953', 'customer', NULL, 1770065857, 1777763948);
INSERT OR IGNORE INTO users (id, email, password_hash, name, phone, address, city, state, zip, role, stripe_customer_id, created_at, updated_at) VALUES ('z6T0ctpv3ehzg5zYTnLkmhTufKs1', 'cristinajustice74@gmail.com', '__FIREBASE_MIGRATED__', 'Cristina Dahlke', '3212718114', '5180 Dixie way', 'Mims', 'Fl', '32754', 'customer', NULL, 1770215384, 1777763948);
INSERT OR IGNORE INTO users (id, email, password_hash, name, phone, address, city, state, zip, role, stripe_customer_id, created_at, updated_at) VALUES ('zt84brBXrecb6UzrtmYpoqeOQp43', 'jrwalsh756@gmail.com', '__FIREBASE_MIGRATED__', 'Brian Thomas Walsh', '3866799986', '3140 Davis Rd', 'Mims', 'FL', '32754', 'customer', NULL, 1774186248, 1777763948);

-- CONSULTATIONS
INSERT OR IGNORE INTO consultations (id, user_id, user_name, user_email, user_phone, pet_name, pet_type, concern, date, time, status, payment_status, stripe_customer_id, stripe_payment_method_id, stripe_payment_intent_id, stripe_refund_id, promo_code, promo_discount, amount_cents, notif_confirmation_sent, notif_reminder_sent, notif_video_link_sent, notif_payment_failed_sent, cancelled_at, cancelled_by, created_at, updated_at) VALUES ('0vltdGmIcjmW44xQoxfN', 'yu4VcV20nCeMFS1yOkYc8jo1Bre2', 'Maureen Deegan', 'mjdeegan6@yahoo.com', '3214088998', 'Maggie', 'dog', 'Ear Infection ', '2026-02-02', '17:30', 'completed', 'paid', 'cus_TuIqtIFkMJaw0K', 'pm_1SwUEiAqBcPZQqqrbMyPpFp8', 'pi_3SwVdjAqBcPZQqqr0aCo271R', NULL, NULL, NULL, NULL, 1, 1, 1, 0, NULL, NULL, 1770066046, 1777763948);
INSERT OR IGNORE INTO messages (id, consultation_id, sender_id, sender_type, text, created_at) VALUES ('2mxtnelkBSGexPkE29PM', '0vltdGmIcjmW44xQoxfN', 'vet', 'vet', 'It’s been called in!', 1770072353);
INSERT OR IGNORE INTO messages (id, consultation_id, sender_id, sender_type, text, created_at) VALUES ('Gq4DwELYFmSwReSWA2j6', '0vltdGmIcjmW44xQoxfN', 'vet', 'vet', 'Hey there! Before our call, make an account with chewy so I have a pet pharmacy to call your meds into if that’s what you end up needing! :-)', 1770068170);
INSERT OR IGNORE INTO messages (id, consultation_id, sender_id, sender_type, text, created_at) VALUES ('Hl59KGK4IEpSLFNLlYTq', '0vltdGmIcjmW44xQoxfN', 'vet', 'vet', '1 (800) 672-4399

This is their phone number to set up all your info and get your pets info on there', 1770068215);
INSERT OR IGNORE INTO messages (id, consultation_id, sender_id, sender_type, text, created_at) VALUES ('oogxLoFCHCi9QbMkSAMu', '0vltdGmIcjmW44xQoxfN', 'yu4VcV20nCeMFS1yOkYc8jo1Bre2', 'customer', 'I do have an account with chewy. I tried calling that number and it says it is a long wait time and a call back.', 1770070435);
INSERT OR IGNORE INTO consultations (id, user_id, user_name, user_email, user_phone, pet_name, pet_type, concern, date, time, status, payment_status, stripe_customer_id, stripe_payment_method_id, stripe_payment_intent_id, stripe_refund_id, promo_code, promo_discount, amount_cents, notif_confirmation_sent, notif_reminder_sent, notif_video_link_sent, notif_payment_failed_sent, cancelled_at, cancelled_by, created_at, updated_at) VALUES ('1w6IiOwgPVsKQpN3yqdZ', 'cYLJhrAbpINGHoXQCyhsZAR2QR02', 'Javier Pantoja', 'nicolachere@aol.com', '3212760094', 'Daisy', 'horse', 'She’s wheezing ', '2026-03-20', '18:45', 'completed', 'paid', 'cus_UBQZqrQAEUXMke', 'pm_1TD3i4AqBcPZQqqr6ypsBLQs', 'pi_3TDDlIAqBcPZQqqr1LPdzgeB', NULL, NULL, NULL, NULL, 1, 1, 1, 0, NULL, NULL, 1774015654, 1777763949);
INSERT OR IGNORE INTO messages (id, consultation_id, sender_id, sender_type, text, created_at) VALUES ('120L701fSjFxCPOVr7AG', '1w6IiOwgPVsKQpN3yqdZ', 'cYLJhrAbpINGHoXQCyhsZAR2QR02', 'customer', 'We waited half hour and nothing ever started.  Please call if you have a minute.', 1774048519);
INSERT OR IGNORE INTO messages (id, consultation_id, sender_id, sender_type, text, created_at) VALUES ('4SDsJYp3OgIckdqtsOo6', '1w6IiOwgPVsKQpN3yqdZ', 'cYLJhrAbpINGHoXQCyhsZAR2QR02', 'customer', 'We haven''t received a link for the appt yet.', 1774046834);
INSERT OR IGNORE INTO messages (id, consultation_id, sender_id, sender_type, text, created_at) VALUES ('KAposfdf5tnzT4tFwhZn', '1w6IiOwgPVsKQpN3yqdZ', 'cYLJhrAbpINGHoXQCyhsZAR2QR02', 'customer', '321-276-0094', 1774048532);
INSERT OR IGNORE INTO messages (id, consultation_id, sender_id, sender_type, text, created_at) VALUES ('Q3HtAUTBslKErBZpnBc3', '1w6IiOwgPVsKQpN3yqdZ', 'vet', 'vet', 'Hey there I’m so sorry I didn’t see had an appointment I was packing for Georgia. Can we connect now', 1774053923);
INSERT OR IGNORE INTO consultations (id, user_id, user_name, user_email, user_phone, pet_name, pet_type, concern, date, time, status, payment_status, stripe_customer_id, stripe_payment_method_id, stripe_payment_intent_id, stripe_refund_id, promo_code, promo_discount, amount_cents, notif_confirmation_sent, notif_reminder_sent, notif_video_link_sent, notif_payment_failed_sent, cancelled_at, cancelled_by, created_at, updated_at) VALUES ('2ksUhE2u5U4bMYhCTs5w', 'Wo2zTqGrzOTxP9hgea3MXyRsPuH3', 'Crystal DeBuigne', 'crystaldebuigne@gmail.com', '5093921199', 'Rachel', 'other', 'She was attacked by a possum ', '2026-04-09', '17:30', 'completed', 'paid', 'cus_UIvKF7mNBh7u0r', 'pm_1TKJTlAqBcPZQqqrNRR6Ttco', 'pi_3TKLG5AqBcPZQqqr1J7bGBaI', NULL, NULL, NULL, NULL, 1, 1, 1, 0, NULL, NULL, 1775744568, 1777763949);
INSERT OR IGNORE INTO messages (id, consultation_id, sender_id, sender_type, text, created_at) VALUES ('p7LqhQc7bgreiQgIlYLs', '2ksUhE2u5U4bMYhCTs5w', 'Wo2zTqGrzOTxP9hgea3MXyRsPuH3', 'customer', 'How do I connect on the app?', 1775751360);
INSERT OR IGNORE INTO consultations (id, user_id, user_name, user_email, user_phone, pet_name, pet_type, concern, date, time, status, payment_status, stripe_customer_id, stripe_payment_method_id, stripe_payment_intent_id, stripe_refund_id, promo_code, promo_discount, amount_cents, notif_confirmation_sent, notif_reminder_sent, notif_video_link_sent, notif_payment_failed_sent, cancelled_at, cancelled_by, created_at, updated_at) VALUES ('4KGQvZg7noIi0Iv0J5hR', 'zt84brBXrecb6UzrtmYpoqeOQp43', 'Brian Thomas Walsh', 'jrwalsh756@gmail.com', '3866799986', 'Rio', 'dog', 'Needs heart worm and fee and tick medication ', '2026-03-23', '17:30', 'completed', 'paid', 'cus_UCAZrRQS0bEnLq', 'pm_1TDmEXAqBcPZQqqrwHkdzf1l', 'pi_3TEG43AqBcPZQqqr1ifrUGR3', NULL, NULL, NULL, NULL, 1, 1, 1, 0, NULL, NULL, 1774186803, 1777763949);
INSERT OR IGNORE INTO consultations (id, user_id, user_name, user_email, user_phone, pet_name, pet_type, concern, date, time, status, payment_status, stripe_customer_id, stripe_payment_method_id, stripe_payment_intent_id, stripe_refund_id, promo_code, promo_discount, amount_cents, notif_confirmation_sent, notif_reminder_sent, notif_video_link_sent, notif_payment_failed_sent, cancelled_at, cancelled_by, created_at, updated_at) VALUES ('5IAfBjTGhdKX9UaxjNCi', 'XIjwJv5nmUX74B8rQxYNsJsRxUf1', 'Tifani Chauncey', 'tifani.chauncey@gmail.com', '3212899518', 'Bruce', 'dog', 'Fleas', '2026-04-16', '17:30', 'completed', 'paid', 'cus_ULd2xZ8kXeJICI', 'pm_1TMvmKAqBcPZQqqr0RyzASOd', 'pi_3TMxVTAqBcPZQqqr05bP0mtR', NULL, NULL, NULL, NULL, 1, 1, 1, 0, NULL, NULL, 1776368447, 1777763949);
INSERT OR IGNORE INTO messages (id, consultation_id, sender_id, sender_type, text, created_at) VALUES ('HgIj6u4XM5tRvC0rqNNb', '5IAfBjTGhdKX9UaxjNCi', 'XIjwJv5nmUX74B8rQxYNsJsRxUf1', 'customer', 'I just want to make sure it’s going to work. I have 3 little kids and the fleas have been biting them too.', 1776376630);
INSERT OR IGNORE INTO messages (id, consultation_id, sender_id, sender_type, text, created_at) VALUES ('OfCHcdL0Jc907XmoPMvA', '5IAfBjTGhdKX9UaxjNCi', 'vet', 'vet', 'https://www.chewy.com/heartgard-plus-chew-dogs-51-100-lbs/dp/173234', 1776960164);
INSERT OR IGNORE INTO messages (id, consultation_id, sender_id, sender_type, text, created_at) VALUES ('cP8Lc9Yo5TWdCvTMZD7d', '5IAfBjTGhdKX9UaxjNCi', 'XIjwJv5nmUX74B8rQxYNsJsRxUf1', 'customer', 'Will that kill flea larvae?', 1776376300);
INSERT OR IGNORE INTO messages (id, consultation_id, sender_id, sender_type, text, created_at) VALUES ('rjnQMidUhe9FVUBs5Usz', '5IAfBjTGhdKX9UaxjNCi', 'XIjwJv5nmUX74B8rQxYNsJsRxUf1', 'customer', 'Am I still suppose to be on the zoom video? It still says in progress.', 1776375373);
INSERT OR IGNORE INTO messages (id, consultation_id, sender_id, sender_type, text, created_at) VALUES ('wLDtxvgbeArjDOByNBXN', '5IAfBjTGhdKX9UaxjNCi', 'vet', 'vet', 'Your pet will love this Bravecto Chew for Dogs, 44-88 lbs, (Blue Box), 1 Chew (12-wks. supply):', 1776375556);
INSERT OR IGNORE INTO messages (id, consultation_id, sender_id, sender_type, text, created_at) VALUES ('xOKmaEZBn9i7niHFhaNh', '5IAfBjTGhdKX9UaxjNCi', 'vet', 'vet', 'No mam', 1776375467);
INSERT OR IGNORE INTO consultations (id, user_id, user_name, user_email, user_phone, pet_name, pet_type, concern, date, time, status, payment_status, stripe_customer_id, stripe_payment_method_id, stripe_payment_intent_id, stripe_refund_id, promo_code, promo_discount, amount_cents, notif_confirmation_sent, notif_reminder_sent, notif_video_link_sent, notif_payment_failed_sent, cancelled_at, cancelled_by, created_at, updated_at) VALUES ('5P6PbxeEW0KH08Invq7d', 'ZUbwRsrxj5OGT9FcgWExUNa4mLK2', 'Christina Volberg', 'christinavolberg@gmail.com', '3524425558', 'Bo Volberg', 'dog', 'Bo has been itching a lot all over but mostly at his face and licking at his paws. I think he might have a yeast infection or really bad allergies. ', '2026-03-09', '17:30', 'completed', 'paid', 'cus_U7PI4jB7jPAEV2', 'pm_1T9AUMAqBcPZQqqrKDeddmfw', 'pi_3T9BYIAqBcPZQqqr0n1sqA7W', NULL, NULL, NULL, NULL, 1, 1, 1, 0, NULL, NULL, 1773088399, 1777763949);
INSERT OR IGNORE INTO messages (id, consultation_id, sender_id, sender_type, text, created_at) VALUES ('JUWFxH6bD97TS4cHkQOF', '5P6PbxeEW0KH08Invq7d', 'ZUbwRsrxj5OGT9FcgWExUNa4mLK2', 'customer', 'I don’t see a link to join a call', 1773092230);
INSERT OR IGNORE INTO messages (id, consultation_id, sender_id, sender_type, text, created_at) VALUES ('aErnqNs0Ys4ezmJ74W5u', '5P6PbxeEW0KH08Invq7d', 'ZUbwRsrxj5OGT9FcgWExUNa4mLK2', 'customer', 'Publix  19390 Cortez Blvd Brooksville Fl 34601, Bo Volberg itchy skin, skin allergies and antibiotics. And I thank you so much', 1773092990);
INSERT OR IGNORE INTO messages (id, consultation_id, sender_id, sender_type, text, created_at) VALUES ('xcyaSAQIuXKtiuQdJaIQ', '5P6PbxeEW0KH08Invq7d', 'vet', 'vet', 'It should be in your email', 1773092411);
INSERT OR IGNORE INTO consultations (id, user_id, user_name, user_email, user_phone, pet_name, pet_type, concern, date, time, status, payment_status, stripe_customer_id, stripe_payment_method_id, stripe_payment_intent_id, stripe_refund_id, promo_code, promo_discount, amount_cents, notif_confirmation_sent, notif_reminder_sent, notif_video_link_sent, notif_payment_failed_sent, cancelled_at, cancelled_by, created_at, updated_at) VALUES ('CEKdS3h61NrlCl8JSf77', 'PgCc47BBhnYDnS6dGL9AbSvzovq2', 'Tamara', 'tjayephotos@gmail.com', '7039674357', 'rip', 'dog', 'Typical white pit bull allergies - needs apoquil ', '2026-02-28', '09:00', 'completed', 'paid', 'cus_U3OcA3BJhO5ZVo', 'pm_1T5HpQAqBcPZQqqrAxPyJ3py', 'pi_3T6ssWAqBcPZQqqr0rgFaNas', NULL, NULL, NULL, NULL, 1, 1, 1, 0, NULL, NULL, 1772163302, 1777763950);
INSERT OR IGNORE INTO consultations (id, user_id, user_name, user_email, user_phone, pet_name, pet_type, concern, date, time, status, payment_status, stripe_customer_id, stripe_payment_method_id, stripe_payment_intent_id, stripe_refund_id, promo_code, promo_discount, amount_cents, notif_confirmation_sent, notif_reminder_sent, notif_video_link_sent, notif_payment_failed_sent, cancelled_at, cancelled_by, created_at, updated_at) VALUES ('DvGOBRXjAeOGqHztpHCA', '1CVelNVdEeMw7931NuPMCbte4Ez2', 'Brianna  Mendez', 'brirn2014@gmail.com', '3524336623', 'Honey', 'sheep', 'Purulent drainage from eyes and nose. Slight cough', '2026-01-16', '18:15', 'completed', 'card_saved', 'cus_TnxqRtr0SBXDzj', 'pm_1SqLuWAqBcPZQqqr8V8lK5O6', NULL, NULL, NULL, NULL, NULL, 1, 1, 0, 0, NULL, NULL, 1768604074, 1777763950);
INSERT OR IGNORE INTO consultations (id, user_id, user_name, user_email, user_phone, pet_name, pet_type, concern, date, time, status, payment_status, stripe_customer_id, stripe_payment_method_id, stripe_payment_intent_id, stripe_refund_id, promo_code, promo_discount, amount_cents, notif_confirmation_sent, notif_reminder_sent, notif_video_link_sent, notif_payment_failed_sent, cancelled_at, cancelled_by, created_at, updated_at) VALUES ('EMZvkAbxslDLzHKNkxTs', 'Wo2zTqGrzOTxP9hgea3MXyRsPuH3', 'crystaldebuigne', 'crystaldebuigne@gmail.com', '', 'Donnie', 'chicken', 'Donnie was attacked by my dog and has a chunk missing from her neck. ', '2026-01-22', '17:30', 'completed', 'paid', 'cus_Tq5J6QXnN6cUtR', 'pm_1SsP8cAqBcPZQqqrcTFjMriZ', 'pi_3SsWO4AqBcPZQqqr015ev3A7', NULL, NULL, NULL, NULL, 1, 1, 1, 0, NULL, NULL, 1769093135, 1777763950);
INSERT OR IGNORE INTO consultations (id, user_id, user_name, user_email, user_phone, pet_name, pet_type, concern, date, time, status, payment_status, stripe_customer_id, stripe_payment_method_id, stripe_payment_intent_id, stripe_refund_id, promo_code, promo_discount, amount_cents, notif_confirmation_sent, notif_reminder_sent, notif_video_link_sent, notif_payment_failed_sent, cancelled_at, cancelled_by, created_at, updated_at) VALUES ('MHLscDlFtIS2vPOes7ZT', 'e0Jzu62s61Pgke6JCbe5xURyj5l1', 'Kevin Furbee', 'kevin.furbee@gmail.com', '3214124144', 'Bella', 'dog', 'Continuing skin problems.. Bella is due for her Rabies vaccine but we had to stop the Zenrelia 6.4mg once daily for at least 30 days before she can get her required Rabies vaccine. The Zenrelia is a game changer, her skin has been fantastic.. off medicine now 12 days and her skin is starting to flare up again.... big sore on her backside. Let me know if you can see her/video, etc.', '2026-01-29', '17:30', 'completed', 'paid', 'cus_TshXJab1zj7w71', 'pm_1Suw8oAqBcPZQqqrX9wdaPJj', 'pi_3Sv3uTAqBcPZQqqr10ZlQp5k', NULL, NULL, NULL, NULL, 1, 1, 1, 0, NULL, NULL, 1769696656, 1777763950);
INSERT OR IGNORE INTO messages (id, consultation_id, sender_id, sender_type, text, created_at) VALUES ('0QxzGxrLHUXEb8fRTCek', 'MHLscDlFtIS2vPOes7ZT', 'e0Jzu62s61Pgke6JCbe5xURyj5l1', 'customer', 'stby', 1769726698);
INSERT OR IGNORE INTO messages (id, consultation_id, sender_id, sender_type, text, created_at) VALUES ('2qul010VRJgDLaRmg475', 'MHLscDlFtIS2vPOes7ZT', 'vet', 'vet', 'Calling back again stand by if not I’ll call your cell', 1769727331);
INSERT OR IGNORE INTO messages (id, consultation_id, sender_id, sender_type, text, created_at) VALUES ('4GpX5TD8VC5jYszVpVJ2', 'MHLscDlFtIS2vPOes7ZT', 'e0Jzu62s61Pgke6JCbe5xURyj5l1', 'customer', 'Thank you! Publix had to order the Apoquel, hopefully here tomorrow. Are you able to supply a prescription thru Chewy or similar site for future reference?', 1769800916);
INSERT OR IGNORE INTO messages (id, consultation_id, sender_id, sender_type, text, created_at) VALUES ('Cg1r2DhoPcPPv6HJpTfo', 'MHLscDlFtIS2vPOes7ZT', 'e0Jzu62s61Pgke6JCbe5xURyj5l1', 'customer', 'yeah it say''s shows me, says connecting to vet.. but nothing...., let me try my laptop again... it was saying the same thing.. looks like it''s working but it''s not establishing the connection', 1769727113);
INSERT OR IGNORE INTO messages (id, consultation_id, sender_id, sender_type, text, created_at) VALUES ('KgebhPCI654iWUMKQlWF', 'MHLscDlFtIS2vPOes7ZT', 'e0Jzu62s61Pgke6JCbe5xURyj5l1', 'customer', 'i see you now.. can you hear me... ?', 1769727197);
INSERT OR IGNORE INTO messages (id, consultation_id, sender_id, sender_type, text, created_at) VALUES ('LdNlD9vNQOuhsvzkPwXp', 'MHLscDlFtIS2vPOes7ZT', 'vet', 'vet', 'Should be a link in your email', 1769726647);
INSERT OR IGNORE INTO messages (id, consultation_id, sender_id, sender_type, text, created_at) VALUES ('PPmPBSiDWPJRLkw7ZpRV', 'MHLscDlFtIS2vPOes7ZT', 'vet', 'vet', 'The scripts were all sent!', 1769800726);
INSERT OR IGNORE INTO messages (id, consultation_id, sender_id, sender_type, text, created_at) VALUES ('Qz41SFdXqCbrwzb4e5h7', 'MHLscDlFtIS2vPOes7ZT', 'e0Jzu62s61Pgke6JCbe5xURyj5l1', 'customer', 'Just call my cell 321-412-4144, easier', 1769727610);
INSERT OR IGNORE INTO messages (id, consultation_id, sender_id, sender_type, text, created_at) VALUES ('UxsoCvBIYIuxqgr1D44T', 'MHLscDlFtIS2vPOes7ZT', 'vet', 'vet', 'I work with chewy!', 1770068662);
INSERT OR IGNORE INTO messages (id, consultation_id, sender_id, sender_type, text, created_at) VALUES ('Xab6fEYFIztwt8I3WmZj', 'MHLscDlFtIS2vPOes7ZT', 'e0Jzu62s61Pgke6JCbe5xURyj5l1', 'customer', 'Pharmacy', 1769727665);
INSERT OR IGNORE INTO messages (id, consultation_id, sender_id, sender_type, text, created_at) VALUES ('ZmllyvqKzQMMhbQicYHr', 'MHLscDlFtIS2vPOes7ZT', 'e0Jzu62s61Pgke6JCbe5xURyj5l1', 'customer', 'I''m using a good connection, doesn''t seem to be working. I''ve also tried my laptop and it connects but not seeing anything or hearing anything.', 1769726968);
INSERT OR IGNORE INTO messages (id, consultation_id, sender_id, sender_type, text, created_at) VALUES ('aKssbGyqNOkaj29fZ9to', 'MHLscDlFtIS2vPOes7ZT', 'vet', 'vet', 'I’m on the video that’s strange! I see myself on playback. Can you try on your phone logging on and off again', 1769727033);
INSERT OR IGNORE INTO messages (id, consultation_id, sender_id, sender_type, text, created_at) VALUES ('bUMhjiybjU9zIUjCUDqO', 'MHLscDlFtIS2vPOes7ZT', 'e0Jzu62s61Pgke6JCbe5xURyj5l1', 'customer', 'Hi, we are available for the call. Kevin Furbee 321-412-4144', 1769725972);
INSERT OR IGNORE INTO messages (id, consultation_id, sender_id, sender_type, text, created_at) VALUES ('bUvgr4GLOWpSHV7OTaGV', 'MHLscDlFtIS2vPOes7ZT', 'e0Jzu62s61Pgke6JCbe5xURyj5l1', 'customer', 'Bella d.o.b 10/07/2018 ----- Kevin & Lori Furbee 185 Satellite Ave. Satellite Beach, FL 32937', 1769731618);
INSERT OR IGNORE INTO messages (id, consultation_id, sender_id, sender_type, text, created_at) VALUES ('bWyLFYAeyXVc29xmB7VN', 'MHLscDlFtIS2vPOes7ZT', 'vet', 'vet', 'What is her date of birth and your home address', 1769728002);
INSERT OR IGNORE INTO messages (id, consultation_id, sender_id, sender_type, text, created_at) VALUES ('eaxqalbcp6f6hnlfr31r', 'MHLscDlFtIS2vPOes7ZT', 'vet', 'vet', 'Try again I’m on waiting', 1769726636);
INSERT OR IGNORE INTO messages (id, consultation_id, sender_id, sender_type, text, created_at) VALUES ('ghaezc1k6wpGd03JfHti', 'MHLscDlFtIS2vPOes7ZT', 'e0Jzu62s61Pgke6JCbe5xURyj5l1', 'customer', 'Pharmacy...', 1769727942);
INSERT OR IGNORE INTO messages (id, consultation_id, sender_id, sender_type, text, created_at) VALUES ('h2J3LALxqXjk2Pq0o66p', 'MHLscDlFtIS2vPOes7ZT', 'e0Jzu62s61Pgke6JCbe5xURyj5l1', 'customer', 'it says connecting but not seeing you.... ??', 1769726770);
INSERT OR IGNORE INTO messages (id, consultation_id, sender_id, sender_type, text, created_at) VALUES ('imDkpz4GQwSViGPrzagg', 'MHLscDlFtIS2vPOes7ZT', 'e0Jzu62s61Pgke6JCbe5xURyj5l1', 'customer', '(321) 773-7035 Publix, Satellite Beach A1A', 1769727923);
INSERT OR IGNORE INTO messages (id, consultation_id, sender_id, sender_type, text, created_at) VALUES ('pUyI6OzsPI08WJQWsr9T', 'MHLscDlFtIS2vPOes7ZT', 'vet', 'vet', 'Logged back on not sure what happened', 1769727670);
INSERT OR IGNORE INTO messages (id, consultation_id, sender_id, sender_type, text, created_at) VALUES ('uFLVRfZQVQMsMJ0sVfpV', 'MHLscDlFtIS2vPOes7ZT', 'e0Jzu62s61Pgke6JCbe5xURyj5l1', 'customer', 'Publix Super Market at Atlantic Plaza
Address: 1024 Jimmy Buffett Mem Hwy Suite 120, Satellite Beach, FL 32937', 1769727653);
INSERT OR IGNORE INTO consultations (id, user_id, user_name, user_email, user_phone, pet_name, pet_type, concern, date, time, status, payment_status, stripe_customer_id, stripe_payment_method_id, stripe_payment_intent_id, stripe_refund_id, promo_code, promo_discount, amount_cents, notif_confirmation_sent, notif_reminder_sent, notif_video_link_sent, notif_payment_failed_sent, cancelled_at, cancelled_by, created_at, updated_at) VALUES ('PZhjAryv1O2LmrmZKuIl', 'cYLJhrAbpINGHoXQCyhsZAR2QR02', 'Javier Pantoja', 'nicolachere@aol.com', '3212760094', 'Chili', 'cow', 'Cow got into chicken feed', '2026-03-27', '17:30', 'completed', 'paid', 'cus_UE5gJXfK7cJboX', 'pm_1TFdVBAqBcPZQqqr3qHudSZQ', 'pi_3TFjHGAqBcPZQqqr03Em3rXb', NULL, NULL, NULL, NULL, 1, 1, 1, 0, NULL, NULL, 1774629895, 1777763950);
INSERT OR IGNORE INTO messages (id, consultation_id, sender_id, sender_type, text, created_at) VALUES ('oVnd5rMGENmrG0aBVI7b', 'PZhjAryv1O2LmrmZKuIl', 'cYLJhrAbpINGHoXQCyhsZAR2QR02', 'customer', 'Hello, I know the consult isn''t until 530, but I think it could be a bit of an emergency. My 2 young cows got into chicken feed and I wanted to know if there is anything I can do now. Please message at 4079704080 if you get a minute. Thanks!', 1774630068);
INSERT OR IGNORE INTO consultations (id, user_id, user_name, user_email, user_phone, pet_name, pet_type, concern, date, time, status, payment_status, stripe_customer_id, stripe_payment_method_id, stripe_payment_intent_id, stripe_refund_id, promo_code, promo_discount, amount_cents, notif_confirmation_sent, notif_reminder_sent, notif_video_link_sent, notif_payment_failed_sent, cancelled_at, cancelled_by, created_at, updated_at) VALUES ('PsnTdDvt9EyBFGWd0oth', 'NuwrPG1KZeYLJWRCh2O7b04Var03', 'Lindsy Rowell', 'accs407@gmail.com', '4074800671', 'Pickles', 'pig', 'We found a lost pink pot belly pic on the road , we were trying to adopt it until we found the owner after 3rd day of having it started developing spots on genitals and back end .  It is a boy approximately 20lbs.(possible antibiotics?)', '2026-03-31', '17:30', 'cancelled', 'voided', 'cus_UFcZ9wIGziKRur', 'pm_1TH7K7AqBcPZQqqrPyWd6dJQ', NULL, NULL, NULL, NULL, NULL, 1, 1, 0, 0, 1775091475, 'shTK5Knv2SbsBDmbQeAgM8q8hyH2', 1774982857, 1777763950);
INSERT OR IGNORE INTO messages (id, consultation_id, sender_id, sender_type, text, created_at) VALUES ('33UaijH8DbMECTn7xYEG', 'PsnTdDvt9EyBFGWd0oth', 'NuwrPG1KZeYLJWRCh2O7b04Var03', 'customer', 'Hi Dr.Mcmillen', 1774994284);
INSERT OR IGNORE INTO messages (id, consultation_id, sender_id, sender_type, text, created_at) VALUES ('qq5TEkogxpCvY8XRORaf', 'PsnTdDvt9EyBFGWd0oth', 'NuwrPG1KZeYLJWRCh2O7b04Var03', 'customer', 'I was just hoping you could.look at my poor baby.pig he is not well..please call me if you have a moment.im hoping he could.get antibiotics', 1774994375);
INSERT OR IGNORE INTO consultations (id, user_id, user_name, user_email, user_phone, pet_name, pet_type, concern, date, time, status, payment_status, stripe_customer_id, stripe_payment_method_id, stripe_payment_intent_id, stripe_refund_id, promo_code, promo_discount, amount_cents, notif_confirmation_sent, notif_reminder_sent, notif_video_link_sent, notif_payment_failed_sent, cancelled_at, cancelled_by, created_at, updated_at) VALUES ('Q3AtmCNj5oH4Q9vrzqxs', 'QBOjl8psNtOzq5OeyBddAD8PsV53', 'josefinemarsik', 'josefinemarsik@hotmail.com', '', 'Nelly', 'pig', 'Thick scaly skin, constant itching', '2026-01-26', '18:00', 'completed', 'paid', 'cus_Trd8Cm49vJEN02', 'pm_1SttsLAqBcPZQqqrDNgOVtWM', 'pi_3StyltAqBcPZQqqr0QxCHZYn', NULL, NULL, NULL, NULL, 1, 1, 1, 0, NULL, NULL, 1769449619, 1777763950);
INSERT OR IGNORE INTO consultations (id, user_id, user_name, user_email, user_phone, pet_name, pet_type, concern, date, time, status, payment_status, stripe_customer_id, stripe_payment_method_id, stripe_payment_intent_id, stripe_refund_id, promo_code, promo_discount, amount_cents, notif_confirmation_sent, notif_reminder_sent, notif_video_link_sent, notif_payment_failed_sent, cancelled_at, cancelled_by, created_at, updated_at) VALUES ('Qwbjfh20hYwbIC3JRuu6', 'BmwQSJBONocsljvWLmx0g83nZjY2', 'Brittany Hartman', 'mrshartman09@gmail.com', '3522661833', 'EMBER', 'dog', 'Was bitten ', '2026-04-26', '09:45', 'completed', 'paid', 'cus_UPHBljkZczlr4j', 'pm_1TQScuAqBcPZQqqr1raTkqzW', 'pi_3TQT0bAqBcPZQqqr0CwqL3jh', NULL, NULL, NULL, NULL, 1, 1, 1, 0, NULL, NULL, 1777209697, 1777763951);
INSERT OR IGNORE INTO messages (id, consultation_id, sender_id, sender_type, text, created_at) VALUES ('2Dy4jZhs99QbWlugVvVL', 'Qwbjfh20hYwbIC3JRuu6', 'vet', 'vet', 'Hey are you able to connect from your email', 1777211299);
INSERT OR IGNORE INTO consultations (id, user_id, user_name, user_email, user_phone, pet_name, pet_type, concern, date, time, status, payment_status, stripe_customer_id, stripe_payment_method_id, stripe_payment_intent_id, stripe_refund_id, promo_code, promo_discount, amount_cents, notif_confirmation_sent, notif_reminder_sent, notif_video_link_sent, notif_payment_failed_sent, cancelled_at, cancelled_by, created_at, updated_at) VALUES ('S2vYAjyohlqZZnzmAKsU', 'XIjwJv5nmUX74B8rQxYNsJsRxUf1', 'Tifani Chauncey', 'tifani.chauncey@gmail.com', '3212899518', 'Hallie', 'cat', 'Fleas', '2026-04-23', '17:30', 'completed', 'paid', 'cus_UNwwfMfp4GePEO', 'pm_1TPB2vAqBcPZQqqrtmxWSRQn', 'pi_3TPBR2AqBcPZQqqr0fWEK8DK', NULL, NULL, NULL, NULL, 1, 1, 1, 0, NULL, NULL, 1776903790, 1777763951);
INSERT OR IGNORE INTO messages (id, consultation_id, sender_id, sender_type, text, created_at) VALUES ('2WcwWjSJlpTLSS5xJDNt', 'S2vYAjyohlqZZnzmAKsU', 'XIjwJv5nmUX74B8rQxYNsJsRxUf1', 'customer', 'Thank you! I placed the order!', 1776960232);
INSERT OR IGNORE INTO messages (id, consultation_id, sender_id, sender_type, text, created_at) VALUES ('5cFBUiB0FJVr96qiohsU', 'S2vYAjyohlqZZnzmAKsU', 'vet', 'vet', 'They never even called me', 1777066738);
INSERT OR IGNORE INTO messages (id, consultation_id, sender_id, sender_type, text, created_at) VALUES ('DdtBj98kstDOQcTF66g4', 'S2vYAjyohlqZZnzmAKsU', 'vet', 'vet', 'You’re welcome', 1777067485);
INSERT OR IGNORE INTO messages (id, consultation_id, sender_id, sender_type, text, created_at) VALUES ('Ea6e1d7gHBSSOFqmdqZi', 'S2vYAjyohlqZZnzmAKsU', 'XIjwJv5nmUX74B8rQxYNsJsRxUf1', 'customer', 'Oh perfect! Thank you!', 1776904817);
INSERT OR IGNORE INTO messages (id, consultation_id, sender_id, sender_type, text, created_at) VALUES ('FKVGhOM9wiFfIceeH7Ty', 'S2vYAjyohlqZZnzmAKsU', 'XIjwJv5nmUX74B8rQxYNsJsRxUf1', 'customer', 'Hi, please let me know what to order.', 1776938467);
INSERT OR IGNORE INTO messages (id, consultation_id, sender_id, sender_type, text, created_at) VALUES ('H5gyvwjx7NMaI0Z5pF1W', 'S2vYAjyohlqZZnzmAKsU', 'XIjwJv5nmUX74B8rQxYNsJsRxUf1', 'customer', 'How soon do prescriptions get approved? Chewy still says it’s pending approval', 1777065301);
INSERT OR IGNORE INTO messages (id, consultation_id, sender_id, sender_type, text, created_at) VALUES ('NRkWmon997tchDlbOJsk', 'S2vYAjyohlqZZnzmAKsU', 'vet', 'vet', 'But I did just call and speak to a pharmacist to approve the order', 1777066755);
INSERT OR IGNORE INTO messages (id, consultation_id, sender_id, sender_type, text, created_at) VALUES ('QjkGmzZE8eoKKsQq6rpM', 'S2vYAjyohlqZZnzmAKsU', 'vet', 'vet', 'Let me message in 5 min to connect', 1776904803);
INSERT OR IGNORE INTO messages (id, consultation_id, sender_id, sender_type, text, created_at) VALUES ('SuQx7GWaT3FivHapztrD', 'S2vYAjyohlqZZnzmAKsU', 'vet', 'vet', 'will work for tonight too', 1776904788);
INSERT OR IGNORE INTO messages (id, consultation_id, sender_id, sender_type, text, created_at) VALUES ('V4TcWVqFmDPaSslEaoAN', 'S2vYAjyohlqZZnzmAKsU', 'XIjwJv5nmUX74B8rQxYNsJsRxUf1', 'customer', 'Thank you very very much', 1777066802);
INSERT OR IGNORE INTO messages (id, consultation_id, sender_id, sender_type, text, created_at) VALUES ('V9un9joQZ9syPOFZRejN', 'S2vYAjyohlqZZnzmAKsU', 'vet', 'vet', 'Logging in now', 1776905235);
INSERT OR IGNORE INTO messages (id, consultation_id, sender_id, sender_type, text, created_at) VALUES ('XnDlpjeLMUSHuTjvjIUw', 'S2vYAjyohlqZZnzmAKsU', 'vet', 'vet', 'Hey! The link wl', 1776904780);
INSERT OR IGNORE INTO messages (id, consultation_id, sender_id, sender_type, text, created_at) VALUES ('jy23OAOf2JwamGOSio4O', 'S2vYAjyohlqZZnzmAKsU', 'XIjwJv5nmUX74B8rQxYNsJsRxUf1', 'customer', 'I’m just waiting on what do order', 1776908626);
INSERT OR IGNORE INTO messages (id, consultation_id, sender_id, sender_type, text, created_at) VALUES ('oo79iwYE1o2FCdOPK89O', 'S2vYAjyohlqZZnzmAKsU', 'vet', 'vet', 'https://www.chewy.com/bravecto-topical-solution-cats-62-138/dp/172889', 1776960117);
INSERT OR IGNORE INTO messages (id, consultation_id, sender_id, sender_type, text, created_at) VALUES ('q8kIhCqlH2t0IxnqLyHL', 'S2vYAjyohlqZZnzmAKsU', 'XIjwJv5nmUX74B8rQxYNsJsRxUf1', 'customer', 'I tried to book for tonight but it wouldn’t let me. You saw my dog Bruce last week for fleas he picked up at my husbands shop. I went ahead and put an order in with chewy since now my cat has them too and I booked her for the first appt at 5:30 tomorrow.', 1776904467);
INSERT OR IGNORE INTO consultations (id, user_id, user_name, user_email, user_phone, pet_name, pet_type, concern, date, time, status, payment_status, stripe_customer_id, stripe_payment_method_id, stripe_payment_intent_id, stripe_refund_id, promo_code, promo_discount, amount_cents, notif_confirmation_sent, notif_reminder_sent, notif_video_link_sent, notif_payment_failed_sent, cancelled_at, cancelled_by, created_at, updated_at) VALUES ('U8zGBVdDT3IuohvkRcz9', 'WwXSHFU7cxbKkUCRlaYJtUQQX113', 'Ashley Scott', 'a_scott0218@yahoo.com', '3214121167', 'Wrangler', 'dog', 'Ear infection ', '2026-03-06', '17:30', 'completed', 'paid', 'cus_U6H0CxjQ1y0I2L', 'pm_1T84SUAqBcPZQqqr5LR5Erjq', 'pi_3T86xwAqBcPZQqqr0uYetcsW', NULL, NULL, NULL, NULL, 1, 1, 1, 0, NULL, NULL, 1772826892, 1777763951);
INSERT OR IGNORE INTO consultations (id, user_id, user_name, user_email, user_phone, pet_name, pet_type, concern, date, time, status, payment_status, stripe_customer_id, stripe_payment_method_id, stripe_payment_intent_id, stripe_refund_id, promo_code, promo_discount, amount_cents, notif_confirmation_sent, notif_reminder_sent, notif_video_link_sent, notif_payment_failed_sent, cancelled_at, cancelled_by, created_at, updated_at) VALUES ('VmTzYKcApTtfc7nXP3WO', 'tev3OWgHjsOOG0AiAQlVV6OKty83', 'Misty Marshall', 'starmerchant41@outlook.com', '3217476338', 'Betty', 'dog', 'Ear infection ', '2026-01-26', '19:30', 'completed', 'paid', 'cus_TrjNuFL5IGRB3o', 'pm_1StzuVAqBcPZQqqrt4zq4rn0', 'pi_3Su0QvAqBcPZQqqr0EQZxU2I', NULL, NULL, NULL, NULL, 1, 1, 1, 0, NULL, NULL, 1769472816, 1777763951);
INSERT OR IGNORE INTO consultations (id, user_id, user_name, user_email, user_phone, pet_name, pet_type, concern, date, time, status, payment_status, stripe_customer_id, stripe_payment_method_id, stripe_payment_intent_id, stripe_refund_id, promo_code, promo_discount, amount_cents, notif_confirmation_sent, notif_reminder_sent, notif_video_link_sent, notif_payment_failed_sent, cancelled_at, cancelled_by, created_at, updated_at) VALUES ('Vz31siDVVPS16paS6Ju6', '1CVelNVdEeMw7931NuPMCbte4Ez2', 'Brianna Mendez', 'brirn2014@gmail.com', '', 'Violet', 'sheep', 'Purulent drainage from eyes and nose. Slight cough. No changes to appetite or drinking. ', '2026-01-16', '17:30', 'completed', 'paid', 'cus_Tnsesbi7wEt3Yh', 'pm_1SqGsqAqBcPZQqqrVrsBEDA6', 'pi_3SqLqPAqBcPZQqqr0L07fhwH', NULL, NULL, NULL, NULL, 1, 1, 1, 0, NULL, NULL, 1768584750, 1777763951);
INSERT OR IGNORE INTO consultations (id, user_id, user_name, user_email, user_phone, pet_name, pet_type, concern, date, time, status, payment_status, stripe_customer_id, stripe_payment_method_id, stripe_payment_intent_id, stripe_refund_id, promo_code, promo_discount, amount_cents, notif_confirmation_sent, notif_reminder_sent, notif_video_link_sent, notif_payment_failed_sent, cancelled_at, cancelled_by, created_at, updated_at) VALUES ('Xi9NM9rIgYAgTRw4TKOc', 'L0XPlmmD4AeaPwXDIVSbO0tZxjv2', 'arhardy83', 'arhardy83@gmail.com', '', 'Empress', 'dog', 'Has spay incontinence. Currently takes 
1/2 pill once daily of Incurin™ Tablets 1mg 30 count
15 drops Leaks no More - twice a day
2 pills - twice a day - VetriScience Bladder Health Chewable Tablets, Bladder Strength Urinary Tract Supplement for Dogs, Reduce Urine Leakage and Overactive Bladder, With Soy Protein and Saw Palmetto

Every couple of weeks like 6 ish she still has accidents. She’s embarrassed, it’s so sad. She also doesn’t sleep well when it’s happening because she pees constantly. ', '2026-01-26', '17:30', 'completed', 'paid', 'cus_TqzvnbaW8mg14T', 'pm_1StHvWAqBcPZQqqrMsbRvypB', 'pi_3StyHmAqBcPZQqqr1T7l84rj', NULL, NULL, NULL, NULL, 1, 1, 1, 0, NULL, NULL, 1769303744, 1777763951);
INSERT OR IGNORE INTO consultations (id, user_id, user_name, user_email, user_phone, pet_name, pet_type, concern, date, time, status, payment_status, stripe_customer_id, stripe_payment_method_id, stripe_payment_intent_id, stripe_refund_id, promo_code, promo_discount, amount_cents, notif_confirmation_sent, notif_reminder_sent, notif_video_link_sent, notif_payment_failed_sent, cancelled_at, cancelled_by, created_at, updated_at) VALUES ('ZhWzKZPHLzek9zXfBRBC', 'NRku7ZwNO0XhlwSb3p8UWqLDR6K2', 'Zach Halliday', 'hallidayza@gmail.com', '4073108968', 'King ', 'goat', 'Lethatgic goat. Very sick', '2026-04-10', '19:00', 'completed', 'paid', 'cus_UJQTyxwJpqI4TA', 'pm_1TKncjAqBcPZQqqrXdyrDhcY', 'pi_3TKp44AqBcPZQqqr1TsrVOop', NULL, NULL, NULL, NULL, 1, 1, 1, 0, NULL, NULL, 1775860443, 1777763951);
INSERT OR IGNORE INTO consultations (id, user_id, user_name, user_email, user_phone, pet_name, pet_type, concern, date, time, status, payment_status, stripe_customer_id, stripe_payment_method_id, stripe_payment_intent_id, stripe_refund_id, promo_code, promo_discount, amount_cents, notif_confirmation_sent, notif_reminder_sent, notif_video_link_sent, notif_payment_failed_sent, cancelled_at, cancelled_by, created_at, updated_at) VALUES ('aRTCifm4KjUGJaosTUHi', 'TeI3G3wllcZZiEaclRdnKT182jv1', 'Brittany Justice', 'brittanymarsceill11@gmail.com', '8502609779', 'Maverick', 'dog', 'Draining abscess behind ear (left lateral neck). No known prior injury. Pemphigus is well controlled. No hx of abscesses. ', '2026-02-17', '19:00', 'completed', 'paid', 'cus_TzbxKXIXAo5zEk', 'pm_1T1cjcAqBcPZQqqrRnUcirng', 'pi_3T1yoLAqBcPZQqqr1XgBzIY1', NULL, NULL, NULL, NULL, 1, 1, 1, 0, NULL, NULL, 1771290354, 1777763951);
INSERT OR IGNORE INTO messages (id, consultation_id, sender_id, sender_type, text, created_at) VALUES ('5TSGPnVswSAHtrolgCAd', 'aRTCifm4KjUGJaosTUHi', 'TeI3G3wllcZZiEaclRdnKT182jv1', 'customer', 'Hey! I’m logged in but I don’t see a way to join a video visit. Am I doing something wrong?!', 1771375383);
INSERT OR IGNORE INTO messages (id, consultation_id, sender_id, sender_type, text, created_at) VALUES ('DvHdkkdhSEZ3dpkZrFCY', 'aRTCifm4KjUGJaosTUHi', 'TeI3G3wllcZZiEaclRdnKT182jv1', 'customer', 'Correct. When I hit “join video call now” it brings me to sign in page and then to a Home Screen. But no where to join a video call', 1771375506);
INSERT OR IGNORE INTO messages (id, consultation_id, sender_id, sender_type, text, created_at) VALUES ('O0fzaoyofMikxvke1tm2', 'aRTCifm4KjUGJaosTUHi', 'vet', 'vet', 'You should have a connect video link in your email', 1771375462);
INSERT OR IGNORE INTO consultations (id, user_id, user_name, user_email, user_phone, pet_name, pet_type, concern, date, time, status, payment_status, stripe_customer_id, stripe_payment_method_id, stripe_payment_intent_id, stripe_refund_id, promo_code, promo_discount, amount_cents, notif_confirmation_sent, notif_reminder_sent, notif_video_link_sent, notif_payment_failed_sent, cancelled_at, cancelled_by, created_at, updated_at) VALUES ('fHvT2bEyoUTA2EgNuw4P', 'NJPHcpg8HIcqSU8yQipMsskqO8w2', 'Holley Kreth', 'holleyreneek0825@icloud.com', '3215077244', 'Doug', 'dog', 'Are 3 children’s grape flavored 160mg  Tylenol chewable tablets ', '2026-04-20', '17:30', 'completed', 'paid', 'cus_UMTgKxzztmSzgo', 'pm_1TNkiuAqBcPZQqqrZbtxncYe', 'pi_3TNkkxAqBcPZQqqr11WnOWPC', NULL, NULL, NULL, NULL, 1, 1, 1, 0, NULL, NULL, 1776564277, 1777763952);
INSERT OR IGNORE INTO messages (id, consultation_id, sender_id, sender_type, text, created_at) VALUES ('y6JXZjAPqPNDATJz2h5M', 'fHvT2bEyoUTA2EgNuw4P', 'NJPHcpg8HIcqSU8yQipMsskqO8w2', 'customer', 'Ate* not are', 1776564297);
INSERT OR IGNORE INTO consultations (id, user_id, user_name, user_email, user_phone, pet_name, pet_type, concern, date, time, status, payment_status, stripe_customer_id, stripe_payment_method_id, stripe_payment_intent_id, stripe_refund_id, promo_code, promo_discount, amount_cents, notif_confirmation_sent, notif_reminder_sent, notif_video_link_sent, notif_payment_failed_sent, cancelled_at, cancelled_by, created_at, updated_at) VALUES ('jl5TgEEgspuIP3JW2IUI', 'PgCc47BBhnYDnS6dGL9AbSvzovq2', 'Tamara', 'tjayephotos@gmail.com', '7039674357', 'rip', 'dog', 'Tin foil', '2026-03-14', '15:15', 'completed', 'paid', 'cus_U9FkPXrBrF731e', 'pm_1TAxEsAqBcPZQqqrkJDTFpxR', 'pi_3TBZdjAqBcPZQqqr0DBkOxfb', NULL, NULL, NULL, NULL, 1, 1, 1, 0, NULL, NULL, 1773514124, 1777763952);
INSERT OR IGNORE INTO consultations (id, user_id, user_name, user_email, user_phone, pet_name, pet_type, concern, date, time, status, payment_status, stripe_customer_id, stripe_payment_method_id, stripe_payment_intent_id, stripe_refund_id, promo_code, promo_discount, amount_cents, notif_confirmation_sent, notif_reminder_sent, notif_video_link_sent, notif_payment_failed_sent, cancelled_at, cancelled_by, created_at, updated_at) VALUES ('neQ9SuTHLJ6iU7GlmhQP', 'cYLJhrAbpINGHoXQCyhsZAR2QR02', 'Javier Pantoja', 'nicolachere@aol.com', '3212760094', 'Champ', 'sheep', 'Hunched back, walking slow/a bit wobbly, sleeping alot', '2026-03-30', '19:30', 'completed', 'paid', 'cus_UFIwg69g4xF6w0', 'pm_1TGoKrAqBcPZQqqri2FIsS0B', 'pi_3TGpTfAqBcPZQqqr0ArxezLI', NULL, NULL, NULL, NULL, 1, 1, 1, 0, NULL, NULL, 1774909868, 1777763952);
INSERT OR IGNORE INTO messages (id, consultation_id, sender_id, sender_type, text, created_at) VALUES ('Ql2NYx7LzRQleoJXLKa9', 'neQ9SuTHLJ6iU7GlmhQP', 'cYLJhrAbpINGHoXQCyhsZAR2QR02', 'customer', 'Just noticed his gums are very pale as well', 1774913763);
INSERT OR IGNORE INTO consultations (id, user_id, user_name, user_email, user_phone, pet_name, pet_type, concern, date, time, status, payment_status, stripe_customer_id, stripe_payment_method_id, stripe_payment_intent_id, stripe_refund_id, promo_code, promo_discount, amount_cents, notif_confirmation_sent, notif_reminder_sent, notif_video_link_sent, notif_payment_failed_sent, cancelled_at, cancelled_by, created_at, updated_at) VALUES ('oZfh3DcQJbLT3mbTbkKW', 'L0XPlmmD4AeaPwXDIVSbO0tZxjv2', 'arhardy83', 'arhardy83@gmail.com', '', 'Hooligan', 'dog', 'Xrayed left hind. Suspected bone cancer. Current medication is one, 227 mg tablet of previcox daily.', '2026-04-15', '19:30', 'completed', 'paid', 'cus_ULBzgJTw2w7WVJ', 'pm_1TMVbBAqBcPZQqqrokGfOwpv', 'pi_3TMcvEAqBcPZQqqr0F4W1A3A', NULL, NULL, NULL, NULL, 1, 1, 1, 0, NULL, NULL, 1776267811, 1777763952);
INSERT OR IGNORE INTO consultations (id, user_id, user_name, user_email, user_phone, pet_name, pet_type, concern, date, time, status, payment_status, stripe_customer_id, stripe_payment_method_id, stripe_payment_intent_id, stripe_refund_id, promo_code, promo_discount, amount_cents, notif_confirmation_sent, notif_reminder_sent, notif_video_link_sent, notif_payment_failed_sent, cancelled_at, cancelled_by, created_at, updated_at) VALUES ('oqiVe44f45375jBFqS9C', 'sZjjjsk2oVhSRB8qM0t8734Q1aw1', 'Kimberly Mccorkel', 'squireskimberly1900@yahoo.com', '9044154815', 'Trixie', 'cat', 'Peeing outside the litter box ', '2026-03-14', '10:30', 'completed', 'paid', 'cus_U9BDhnc1aQkFDL', 'pm_1TAsrQAqBcPZQqqrUykIg1dL', 'pi_3TAtAzAqBcPZQqqr1YnRwXK6', NULL, NULL, NULL, NULL, 1, 1, 1, 0, NULL, NULL, 1773497293, 1777763952);
INSERT OR IGNORE INTO messages (id, consultation_id, sender_id, sender_type, text, created_at) VALUES ('0xNtjsvG7GptXMd6TvUT', 'oqiVe44f45375jBFqS9C', 'sZjjjsk2oVhSRB8qM0t8734Q1aw1', 'customer', 'Hey quick question do you treat dogs with eye infections i have a senior dog that is inside outside and from the dirt he gets eye infections and we treated it will a ointment before and it healed it', 1773499263);
INSERT OR IGNORE INTO messages (id, consultation_id, sender_id, sender_type, text, created_at) VALUES ('AT5YKYuOljrLsSC2tsyS', 'oqiVe44f45375jBFqS9C', 'sZjjjsk2oVhSRB8qM0t8734Q1aw1', 'customer', 'Would the prescription name be u def Kimberly or Trixie', 1773502159);
INSERT OR IGNORE INTO messages (id, consultation_id, sender_id, sender_type, text, created_at) VALUES ('IzFKMjMxEzvLGQ08F5Mi', 'oqiVe44f45375jBFqS9C', 'sZjjjsk2oVhSRB8qM0t8734Q1aw1', 'customer', 'I got it thank you so much for everything', 1773499595);
INSERT OR IGNORE INTO messages (id, consultation_id, sender_id, sender_type, text, created_at) VALUES ('Lzd7svVMGkPUmShb8Shz', 'oqiVe44f45375jBFqS9C', 'sZjjjsk2oVhSRB8qM0t8734Q1aw1', 'customer', 'We got it thank you', 1773502623);
INSERT OR IGNORE INTO messages (id, consultation_id, sender_id, sender_type, text, created_at) VALUES ('Pv9hnsUBYCCSoomWWMn5', 'oqiVe44f45375jBFqS9C', 'vet', 'vet', 'I treat dogs! 

https://a.co/d/0iIWcnU4 

Try this before you book an appointment for that dog! It’s an over the counter medicated eye ointment', 1773499433);
INSERT OR IGNORE INTO messages (id, consultation_id, sender_id, sender_type, text, created_at) VALUES ('ZZdlatacO0c0ZKyE2kw7', 'oqiVe44f45375jBFqS9C', 'vet', 'vet', 'You’re welcome', 1773661869);
INSERT OR IGNORE INTO messages (id, consultation_id, sender_id, sender_type, text, created_at) VALUES ('amlxGpCY5jiLSZXHHp2B', 'oqiVe44f45375jBFqS9C', 'sZjjjsk2oVhSRB8qM0t8734Q1aw1', 'customer', 'The link don’t work that was sent', 1773499468);
INSERT OR IGNORE INTO consultations (id, user_id, user_name, user_email, user_phone, pet_name, pet_type, concern, date, time, status, payment_status, stripe_customer_id, stripe_payment_method_id, stripe_payment_intent_id, stripe_refund_id, promo_code, promo_discount, amount_cents, notif_confirmation_sent, notif_reminder_sent, notif_video_link_sent, notif_payment_failed_sent, cancelled_at, cancelled_by, created_at, updated_at) VALUES ('qGz7sCuWhsOeaFuDz7UH', 'tfx5VPQR0yOEbbmvULaQHA0QMss2', 'Erin Costello', 'erinmc2112@gmail.com', '4078186514', 'Bonnie', 'dog', 'Need approval for Heartworm medications', '2026-04-24', '19:30', 'cancelled', 'voided', 'cus_UOZiAQ4eXUs4r4', 'pm_1TPmYnAqBcPZQqqrG9UI5Q2K', NULL, NULL, NULL, NULL, NULL, 1, 1, 0, 0, 1777069218, 'tfx5VPQR0yOEbbmvULaQHA0QMss2', 1777047994, 1777763952);
INSERT OR IGNORE INTO consultations (id, user_id, user_name, user_email, user_phone, pet_name, pet_type, concern, date, time, status, payment_status, stripe_customer_id, stripe_payment_method_id, stripe_payment_intent_id, stripe_refund_id, promo_code, promo_discount, amount_cents, notif_confirmation_sent, notif_reminder_sent, notif_video_link_sent, notif_payment_failed_sent, cancelled_at, cancelled_by, created_at, updated_at) VALUES ('rU8Tjsd7nS4Mv1BJvdyi', '1CVelNVdEeMw7931NuPMCbte4Ez2', 'Brianna Mendez', 'brirn2014@gmail.com', '', 'Clover', 'sheep', 'Purulent drainage from eyes and nose. Slight cough. No changes in appetite or drinking. ', '2026-01-16', '17:45', 'completed', 'paid', 'cus_Tnsfd34gACR6Cl', 'pm_1SqGtjAqBcPZQqqrlAtzn3vh', 'pi_3SqLrKAqBcPZQqqr1v8Tcfm9', NULL, NULL, NULL, NULL, 1, 1, 1, 0, NULL, NULL, 1768584805, 1777763952);
INSERT OR IGNORE INTO consultations (id, user_id, user_name, user_email, user_phone, pet_name, pet_type, concern, date, time, status, payment_status, stripe_customer_id, stripe_payment_method_id, stripe_payment_intent_id, stripe_refund_id, promo_code, promo_discount, amount_cents, notif_confirmation_sent, notif_reminder_sent, notif_video_link_sent, notif_payment_failed_sent, cancelled_at, cancelled_by, created_at, updated_at) VALUES ('rxDhqs1MZ76mse1Cbfiz', 'vqpduDdwSSa91sRpmDXhRyBOGxd2', 'Jodi Solito', 'jodisolito@verizon.net', '8132985545', 'Leo', 'dog', 'Continued maintenance for anxiety', '2026-03-07', '11:00', 'completed', 'paid', 'cus_U5Z5RUcAJY9THU', 'pm_1T7NxhAqBcPZQqqrzc6YfZMe', 'pi_3T8NTXAqBcPZQqqr0GP74f1P', NULL, NULL, NULL, NULL, 1, 1, 1, 0, NULL, NULL, 1772663535, 1777763953);
INSERT OR IGNORE INTO consultations (id, user_id, user_name, user_email, user_phone, pet_name, pet_type, concern, date, time, status, payment_status, stripe_customer_id, stripe_payment_method_id, stripe_payment_intent_id, stripe_refund_id, promo_code, promo_discount, amount_cents, notif_confirmation_sent, notif_reminder_sent, notif_video_link_sent, notif_payment_failed_sent, cancelled_at, cancelled_by, created_at, updated_at) VALUES ('sf4OOW7dWpWwD6GsCpJg', '1CVelNVdEeMw7931NuPMCbte4Ez2', 'Brianna Mendez', 'brirn2014@gmail.com', '', 'Honey', 'sheep', 'Purulent drainage from eyes and nose. Slight cough. No changes in appetite or drinking. ', '2026-01-16', '18:00', 'cancelled', 'voided', 'cus_TnsftmDZwKU7Cf', 'pm_1SqGuQAqBcPZQqqreaJnoOay', NULL, NULL, NULL, NULL, NULL, 1, 1, 0, 0, 1768603408, '1CVelNVdEeMw7931NuPMCbte4Ez2', 1768584848, 1777763953);
INSERT OR IGNORE INTO consultations (id, user_id, user_name, user_email, user_phone, pet_name, pet_type, concern, date, time, status, payment_status, stripe_customer_id, stripe_payment_method_id, stripe_payment_intent_id, stripe_refund_id, promo_code, promo_discount, amount_cents, notif_confirmation_sent, notif_reminder_sent, notif_video_link_sent, notif_payment_failed_sent, cancelled_at, cancelled_by, created_at, updated_at) VALUES ('undmLzW2TGCy60YibpgX', 'QBOjl8psNtOzq5OeyBddAD8PsV53', 'Josefine Marsik', 'josefinemarsik@hotmail.com', '3524762227', 'Honey', 'sheep', 'Recent assisted birth, one stillborn, requesting antibiotics', '2026-03-17', '20:00', 'completed', 'paid', 'cus_UARjSMDvAUluLv', 'pm_1TC6qNAqBcPZQqqrArk0vzH8', 'pi_3TCTv4AqBcPZQqqr0il4VGKM', NULL, NULL, NULL, NULL, 1, 1, 1, 0, NULL, NULL, 1773789373, 1777763953);
INSERT OR IGNORE INTO messages (id, consultation_id, sender_id, sender_type, text, created_at) VALUES ('p1ZssPSfSqtWr1I0YxQ2', 'undmLzW2TGCy60YibpgX', 'QBOjl8psNtOzq5OeyBddAD8PsV53', 'customer', 'Hey there! Is our appointment still valid?', 1773793470);
INSERT OR IGNORE INTO messages (id, consultation_id, sender_id, sender_type, text, created_at) VALUES ('woqHWKJixc0olPhk35Re', 'undmLzW2TGCy60YibpgX', 'vet', 'vet', 'Yes!', 1774046129);
INSERT OR IGNORE INTO consultations (id, user_id, user_name, user_email, user_phone, pet_name, pet_type, concern, date, time, status, payment_status, stripe_customer_id, stripe_payment_method_id, stripe_payment_intent_id, stripe_refund_id, promo_code, promo_discount, amount_cents, notif_confirmation_sent, notif_reminder_sent, notif_video_link_sent, notif_payment_failed_sent, cancelled_at, cancelled_by, created_at, updated_at) VALUES ('wdNr2cDQRSHTk0lmmgqL', 'cYLJhrAbpINGHoXQCyhsZAR2QR02', 'Javier Pantoja', 'nicolachere@aol.com', '3212760094', 'Chili', 'cow', 'Bloat', '2026-04-22', '19:00', 'completed', 'paid', 'cus_UNvH34ZeMLbjiY', 'pm_1TP9R1AqBcPZQqqr3DIoy1Dk', 'pi_3TPB42AqBcPZQqqr0fk2I384', NULL, NULL, NULL, NULL, 1, 1, 1, 0, NULL, NULL, 1776897597, 1777763953);

-- SETTINGS (seeded from .env)
INSERT OR REPLACE INTO settings (key, value, updated_at) VALUES ('vet_name', 'Dr. Meleah McMillen', unixepoch());
INSERT OR REPLACE INTO settings (key, value, updated_at) VALUES ('vet_email', 'stockyardanimalhealth@gmail.com', unixepoch());
INSERT OR REPLACE INTO settings (key, value, updated_at) VALUES ('vet_phone', '+14076039795', unixepoch());

PRAGMA foreign_keys = ON;

-- Migration complete
PRAGMA foreign_keys = ON;